OBJECTID_1,OBJECTID,ASSETNUM,DESCRIPTIO,INSERVICE,LOCATIONDE,ISNFPA,LASTSERVIC,BATTALION,ENGINEID,XCOOR,YCOOR,DCS_LAST_M,lat,lng
1,2119420,H20332,"BOLLINGAFB - HYDRANT, KENNEDY-K81-A/D GUAR",Y,IN FRONT OF BLDG 400 DIA ACCESS ROAD SW NORTHSIDE - ANACOSTIA ANNEX #26 //SOUTH OF BLDG 397,Y,2011-08-03T00:00:00.000Z,3,E-25,399119,131387,2012-06-06T06:00:31.000Z,38.85029072,-77.0101482
2,2119408,H20320,"GSA - HYDRANT, KENNEDY-K81-A/D GUAR",Y,ACCESS RD SW SOUTHSIDE - ANACOSTIA ANNEX #64 //ACCESS RD SOUTHERN SIDE OF BLDG 410,Y,2011-08-03T00:00:00.000Z,3,E-25,398726,131417,2012-06-06T06:00:31.000Z,38.85055976,-77.01467607
3,2119955,H21130,"GSA - HYDRANT, MUELLER-SUP CENT 250",Y,IN FRONT OF ROBBINS RD SW EASTSIDE - ANACOSTIA ANNEX BLDG 485,Y,2011-08-03T00:00:00.000Z,3,E-25,398592,131436,2012-06-06T06:00:31.000Z,38.8507345,-77.01622033
4,2119421,H20333,"BOLLINGAFB - HYDRANT, KENNEDY-K81-A/D GUAR",Y,BROOKLEY AVE SW OTHER - ANACOSTIA ANNEX #78 //NE OF BLDG. 409,Y,2011-08-03T00:00:00.000Z,3,E-25,399253,131449,2012-06-06T06:00:31.000Z,38.85084916,-77.00859696
5,2119407,H20319,"GSA - HYDRANT, KENNEDY-K81-A/D GUAR",Y,IN FRONT OF ACCESS RD SW EASTSIDE - ANACOSTIA ANNEX #65 // EAST OF BLDG 410,Y,2011-08-03T00:00:00.000Z,3,E-25,398796,131452,2012-06-06T06:00:31.000Z,38.85088144,-77.0138597
6,2119418,H20330,"BOLLINGAFB - HYDRANT, KENNEDY-K81-A/D GUAR",Y,ACCESS ROAD SW EASTSIDE - ANACOSTIA ANNEX #25 //NW OF BLDG. 397,Y,2011-08-03T00:00:00.000Z,3,E-25,399107,131465,2012-06-06T06:00:31.000Z,38.85099817,-77.01028477
7,2119404,H20316,"GSA - HYDRANT, KENNEDY-K81-A/D GUAR",Y,IN FRONT OF ACCESS RD SW OTHER - ANACOSTIA ANNEX #63 //SWC OF BLDG 410,Y,2011-08-03T00:00:00.000Z,3,E-25,398689,131469,2012-06-06T06:00:31.000Z,38.85102681,-77.01509824
8,2119419,H20331,"BOLLINGAFB - HYDRANT, AM DARLING - B-62-B",Y,DIA ACCESS RD SW NORTHSIDE - ANACOSTIA ANNEX #71 //EAST OF BLDG 421,N,2011-08-03T00:00:00.000Z,3,E-25,398977,131506,2012-06-06T06:00:31.000Z,38.85136107,-77.01178261
9,2119405,H20317,"GSA - HYDRANT, KENNEDY-K81-A/D GUAR",Y,ACCESS RD SW WESTSIDE - ANACOSTIA ANNEX #62 //ACCESS RD WEST OF  BLDG 410,Y,2011-08-03T00:00:00.000Z,3,E-25,398677,131509,2012-06-06T06:00:31.000Z,38.85139037,-77.01523703
11,2119956,H21131,"GSA - HYDRANT, MUELLER-SUP CENT 250",Y,REAR OF BLDG 485 ROBBINS RD SW WESTSIDE - ANACOSTIA ANNEX,Y,2011-08-03T00:00:00.000Z,3,E-25,398535,131519,2012-06-06T06:00:31.000Z,38.85148228,-77.0168717
12,2119403,H20315,"GSA - HYDRANT, KENNEDY-K81-A/D GUAR",Y,ROBBINS RD SW EASTSIDE - ANACOSTIA ANNEX #66 //ACCESS RD SEC OF BLDG 411,Y,2011-08-03T00:00:00.000Z,3,E-25,398631,131521,2012-06-06T06:00:31.000Z,38.8514979,-77.01576444
13,2119410,H20322,"BOLLINGAFB - HYDRANT, AM DARLING - B-62-B",Y,IN FRONT OF BLDG 421 DEFENSE BLVD SW SOUTHSIDE - ANACOSTIA ANNEX #70 //NORTH 70 BLDG 421,N,2011-08-03T00:00:00.000Z,3,E-25,398925,131556,2012-06-06T06:00:31.000Z,38.85181918,-77.01238187
14,2119400,H20312,"GSA - HYDRANT, KENNEDY-K81-A/D GUAR",Y,ROBBINS RD SW EASTSIDE - ANACOSTIA ANNEX #67 //SWC OF BLDG 411,Y,2011-08-03T00:00:00.000Z,3,E-25,398543,131571,2012-06-06T06:00:31.000Z,38.85195211,-77.01678252
15,2119402,H20314,"GSA - HYDRANT, KENNEDY-K81-A/D GUAR",Y,ROBBINS RD SW EASTSIDE - ANACOSTIA ANNEX #69 //ACESS RD EASTSIDE OF BLDG 411,Y,2011-08-03T00:00:00.000Z,3,E-25,398683,131603,2012-06-06T06:00:31.000Z,38.85223779,-77.01516909
17,2119411,H20323,"BOLLINGAFB - HYDRANT, KENNEDY-K81-A/D GUAR",Y,IN FRONT OF BLDG 400 DEFENSE BLVD SW EASTSIDE - ANACOSTIA ANNEX #77 //SWC OF BLDG 400,Y,2011-08-03T00:00:00.000Z,3,E-25,399020,131642,2012-06-06T06:00:31.000Z,38.8525909,-77.01128339
18,2120056,H21148,"GSA - HYDRANT, KENNEDY-K81-A/D GUAR",Y,BLDG 398 DEFENSE BLVD SE WESTSIDE - ANACOSTIA ANNEX//LOCATED ON THE B SIDE OF THE BUILDING,Y,2011-08-03T00:00:00.000Z,3,E-25,398742,131643,2012-06-06T06:00:31.000Z,38.85260044,-77.0144814
19,2119401,H20313,"GSA - HYDRANT, KENNEDY-K81-A/D GUAR",Y,ROBBINS RD SW EASTSIDE - ANACOSTIA ANNEX #68 //NWC OF BLDG 411,Y,2011-08-03T00:00:00.000Z,3,E-25,398590,131655,2012-06-06T06:00:31.000Z,38.85270727,-77.0162396
20,2120055,H21147,"GSA - HYDRANT, KENNEDY-K81-A/D GUAR",Y,BLDG 398 DEFENSE BLVD SE NWC - ANACOSTIA ANNEX//ACCESS RD LOCATED ON SIDE B OF THE BUILDING,Y,2011-08-03T00:00:00.000Z,3,E-25,398687,131664,2012-06-06T06:00:31.000Z,38.85278709,-77.01511861
21,2119398,H20310,"GSA - HYDRANT, KENNEDY-K81-A/D GUAR",Y,NULL - ANACOSTIA ANNEX #54 //EAST OF BLDG 398 AT PARKING LOT,Y,2011-08-03T00:00:00.000Z,3,E-25,398797,131677,2012-06-06T06:00:31.000Z,38.85290497,-77.01385907
22,2121273,H20304,"GSA - HYDRANT, KENNEDY-K81-A/D GUAR",Y,DEFENSE BLVD SW NORTHSIDE - ANACOSTIA ANNEX #58 //SWC OF BLDG 398,Y,2011-08-03T00:00:00.000Z,3,E-25,398706,131681,2012-06-06T06:00:31.000Z,38.85293818,-77.01489664
23,2119413,H20325,"BOLLINGAFB - HYDRANT, MUELLER-SUP CENT 250",Y,REAR OF BLDG 411 ROBBINS ST SW WESTSIDE - ANACOSTIA ANNEX #28 //NW OF BLDG 411,N,2011-08-03T00:00:00.000Z,3,E-25,398547,131691,2012-06-06T06:00:31.000Z,38.85302641,-77.016739
24,2119423,H20335,"BOLLINGAFB - HYDRANT, AM DARLING - B-84-B",Y,REAR OF BLDG 371 CUDAHY ST SW EASTSIDE - ANACOSTIA ANNEX #80 //PARKING LOT SW OF BLDG. 371//EAST,N,2011-08-03T00:00:00.000Z,3,E-25,399303,131725,2012-06-06T06:00:31.000Z,38.85333665,-77.00802466
25,2119422,H20334,"BOLLINGAFB - HYDRANT, AM DARLING - B-84-B",Y,REAR OF BLDG 371 CUDAHY ST SW EASTSIDE - ANACOSTIA ANNEX #79 //PARKING LOT SW OF BLDG. 371,N,2011-08-03T00:00:00.000Z,3,E-25,399298,131725,2012-06-06T06:00:31.000Z,38.85334041,-77.00807668
26,2119395,H20306,"GSA - HYDRANT, KENNEDY-K81-A/D GUAR",Y,DEFENSE BLVD SW OTHER - ANACOSTIA ANNEX #55 //NE OF BLDG 398,Y,2011-08-03T00:00:00.000Z,3,E-25,398837,131731,2012-06-06T06:00:31.000Z,38.85339182,-77.01339012
27,2119412,H20324,"BOLLINGAFB - HYDRANT, MUELLER-SUP CENT 250",Y,IN FRONT OF BLDG 400 DEFENSE BLVD SW EASTSIDE - ANACOSTIA ANNEX #23 //WEST OF BLDG 400,Y,2011-08-03T00:00:00.000Z,3,E-25,399055,131733,2012-06-06T06:00:31.000Z,38.85340902,-77.01088581
28,2119397,H20308,"GSA - HYDRANT, KENNEDY-K81-A/D GUAR",Y,DEFENSE BLVD SW OTHER - ANACOSTIA ANNEX #57 // WEST OF BLDG 398,Y,2011-08-03T00:00:00.000Z,3,E-25,398747,131734,2012-06-06T06:00:31.000Z,38.85342059,-77.01443339
29,2119396,H20307,"GSA - HYDRANT, KENNEDY-K81-A/D GUAR",Y,DEFENSE BLVD SW OTHER - ANACOSTIA ANNEX #56 //NWC OF BLDG 398,Y,2011-08-03T00:00:00.000Z,3,E-25,398798,131790,2012-06-06T06:00:31.000Z,38.85392301,-77.01383937
31,2119414,H20326,"BOLLINGAFB - HYDRANT, US PIPE-MET 250 WP",Y,ROBBINS RD SW WESTSIDE - ANACOSTIA ANNEX #29 //BTN BLDG 106 AND 411,N,2011-08-03T00:00:00.000Z,3,E-25,398603,131826,2012-06-06T06:00:31.000Z,38.85425127,-77.01609246
32,2119425,H20337,"BOLLINGAFB - HYDRANT, MUELLER-SUP CENT 250",Y,CUDAHEY ST SW WESTSIDE - ANACOSTIA ANNEX #24 /SE OF BLDG. 361,Y,2011-08-03T00:00:00.000Z,3,E-25,399313,131858,2012-06-06T06:00:31.000Z,38.85453891,-77.00790983
33,2119415,H20327,"BOLLINGAFB - HYDRANT, US PIPE-MET 250 WP",Y,IN FRONT OF BLDG 106 ROBBINS RD SW WESTSIDE - ANACOSTIA ANNEX #30 //SE OF BLDG 106,N,2011-08-03T00:00:00.000Z,3,E-25,398633,131900,2012-06-06T06:00:31.000Z,38.85491756,-77.01573846
34,2119528,H20354,"BOLLINGAFB - HYDRANT, US PIPE-MET 250 WP",Y,IN FRONT OF BLDG 387 BROOKLEY AVE SW WESTSIDE - ANACOSTIA ANNEX #14 //E OF BLDG 387,N,2011-08-03T00:00:00.000Z,3,E-25,399436,131915,2012-06-06T06:00:31.000Z,38.85504664,-77.0064978
35,2119427,H20339,"BOLLINGAFB - HYDRANT, US PIPE-MET 250 WP",Y,THOMAS RD INT CUDAHEY ST SW NWC - ANACOSTIA ANNEX #13 //SE OF BLDG. 356 - ANA. ANNEX #13,N,2011-08-03T00:00:00.000Z,3,E-25,399344,131934,2012-06-06T06:00:31.000Z,38.85521994,-77.00755589
36,2119426,H20338,"BOLLINGAFB - HYDRANT, MUELLER-SUP CENT 250",Y,REAR OF BLDG 362 THOMAS RD SW SOUTHSIDE - ANACOSTIA ANNEX #16 // PARKING LOT NORTH OF BLDG. 362,Y,2011-08-03T00:00:00.000Z,3,E-25,399234,131969,2012-06-06T06:00:31.000Z,38.85553585,-77.0088214
37,2119416,H20328,"BOLLINGAFB - HYDRANT, US PIPE-MET 250 WP",Y,IN FRONT OF BLDG 97 ROBBINS RD SW WESTSIDE - ANACOSTIA ANNEX #31 //NE OF BLDG 97,N,2011-08-03T00:00:00.000Z,3,E-25,398659,131989,2012-06-06T06:00:31.000Z,38.85571728,-77.0154397
38,2120204,H21212,"BOLLINGAFB - HYDRANT, MUELLER-SUP CENT 250",Y,BROOKLEY AVE SW - NWC - NEC OF BLDG 387,Y, ,3,E-25,399478,131997,2012-06-06T06:00:31.000Z,38.85578814,-77.00600742
39,2120178,H21185,"BOLLINGAFB - HYDRANT, MUELLER-SUP CENT 250",Y,BROOKLEY AVE BET THOMAS RD & DEFENSE BLVD SW - WESTSIDE - CONSTRUCTION SITE NEAR THOMAS RD,Y,2011-08-03T00:00:00.000Z,3,E-25,399384,132007,2012-06-06T06:00:31.000Z,38.85587609,-77.00708584
40,2119417,H20329,"BOLLINGAFB - HYDRANT, US PIPE-MET 250 WP",Y,IN FRONT OF BLDG 91 ROBBINS RD SW EASTSIDE - ANACOSTIA ANNEX #35 //SW OF BLDG 91,N,2011-08-03T00:00:00.000Z,3,E-25,398705,132031,2012-06-06T06:00:31.000Z,38.8560916,-77.01491761
41,2119525,H20351,"BOLLINGAFB - HYDRANT, M&H - TRAFFIC 29/129",Y,IN FRONT OF BLDG 357 MITSCHER RD SW WESTSIDE - ANACOSTIA ANNEX #15 // SEC BLDG 357,N,2011-08-03T00:00:00.000Z,3,E-25,399275,132040,2012-06-06T06:00:31.000Z,38.85617203,-77.00834667
42,2119428,H20340,"BOLLINGAFB - HYDRANT, M&H - TRAFFIC 29/129",Y,THOMAS RD SW NORTHSIDE - ANACOSTIA ANNEX #17 // SOUTH OF BLDG. 358,N,2011-08-03T00:00:00.000Z,3,E-25,399173,132043,2012-06-06T06:00:31.000Z,38.85620313,-77.0095268
44,2120203,H21211,"BOLLINGAFB - HYDRANT, MUELLER-SUP CENT 250",Y,BROOKLEY AVE SW - NWC - NEC OF BLDG 387,Y, ,3,E-25,399488,132064,2012-06-06T06:00:31.000Z,38.85639286,-77.00589549
45,2120179,H21186,"BOLLINGAFB - HYDRANT, MUELLER-SUP CENT 250",Y,BROOKLEY AVE BET THOMAS RD & DEFENSE BLVD SW - WESTSIDE - CONSTRUCTION SITE NEAR THOMAS RD,Y,2011-08-03T00:00:00.000Z,3,E-25,399413,132089,2012-06-06T06:00:31.000Z,38.85661904,-77.00676141
46,2119553,H20382,"BOLLINGAFB - HYDRANT, US PIPE-A P SMITH",Y,IN FRONT OF BLDG 93 ROBBINS RD SW WESTSIDE - ANACOSTIA ANNEX #35 //BLDG. 93,N,2011-08-03T00:00:00.000Z,3,E-25,398755,132099,2012-06-06T06:00:31.000Z,38.85671072,-77.01433299
47,2119552,H20381,"BOLLINGAFB - HYDRANT, US PIPE-A P SMITH",Y,DOHERTY DR SW WESTSIDE - ANACOSTIA ANNEX #32 //SE CORNER OF BLDG. 94,N,2011-08-03T00:00:00.000Z,3,E-25,398702,132108,2012-06-06T06:00:31.000Z,38.85678999,-77.01494369
48,2119529,H20358,"BOLLINGAFB - HYDRANT, US PIPE-MET 250 WP",Y,BROOKLEY AVE SW EASTSIDE - ANACOSTIA ANNEX #7 //NE OF VACANT LOT,N,2011-08-03T00:00:00.000Z,3,E-25,399517,132123,2012-06-06T06:00:31.000Z,38.8569279,-77.00556267
49,2119551,H20380,"BOLLINGAFB - HYDRANT, US PIPE-MET 250 WP",Y,IN FRONT OF BLDG 93 DOHERTY DR SW EASTSIDE - ANACOSTIA ANNEX #33 //BLDG. 93,N,2011-08-03T00:00:00.000Z,3,E-25,398736,132127,2012-06-06T06:00:31.000Z,38.85695578,-77.01455575
50,2119524,H20350,"BOLLINGAFB - HYDRANT, MUELLER-SUP CENT 250",Y,NULL - ANACOSTIA ANNEX #20,N,2011-08-03T00:00:00.000Z,3,E-25,399352,132149,2012-06-06T06:00:31.000Z,38.85716006,-77.00745894
51,2119550,H20379,"BOLLINGAFB - HYDRANT, US PIPE-A P SMITH",Y,IN FRONT OF BLDG 73 DOHERTY DR SW EASTSIDE - ANACOSTIA ANNEX #34 //NW OF BLDG. 73,N,2011-08-03T00:00:00.000Z,3,E-25,398787,132176,2012-06-06T06:00:31.000Z,38.85740004,-77.01396547
52,2119429,H20341,"BOLLINGAFB - HYDRANT, M&H - TRAFFIC 29/129",Y,SPRUANCE CT INT DEAD END SW EASTSIDE - ANACOSTIA ANNEX #19 // DEAD END //SEC,N,2011-08-03T00:00:00.000Z,3,E-25,399256,132191,2012-06-06T06:00:31.000Z,38.85753852,-77.00856046
53,2119555,H20384,"BOLLINGAFB - HYDRANT, US PIPE-MET 250 WP",Y,IN FRONT OF BLDG 57 ROBBINS RD SW WESTSIDE - ANACOSTIA ANNEX #45 //NEC BLDG #57,N,2011-08-03T00:00:00.000Z,3,E-25,398877,132210,2012-06-06T06:00:31.000Z,38.85770237,-77.01292976
54,2119554,H20383,"BOLLINGAFB - HYDRANT, US PIPE-MET 250 WP",Y,DOHERTY RD SW WESTSIDE - ANACOSTIA ANNEX #37 //NWC OF BLDG. 94 PARKING LOT -,N,2011-08-03T00:00:00.000Z,3,E-25,398730,132224,2012-06-06T06:00:31.000Z,38.85783102,-77.01462511
55,2119430,H20342,"BOLLINGAFB - HYDRANT, M&H - TRAFFIC 29/129",Y,IN FRONT OF BLDG 351 SPRUANCE CT SW NORTHSIDE - ANACOSTIA ANNEX #18 //SW OF BLDG. 351,N,2011-08-03T00:00:00.000Z,3,E-25,399235,132237,2012-06-06T06:00:31.000Z,38.85795367,-77.00880988
56,2119530,H20359,"BOLLINGAFB - HYDRANT, US PIPE-MET 250 WP",Y,BROOKLEY AVE SW WESTSIDE - ANACOSTIA ANNEX #6 //SOUTH OF BLDG 171,N,2011-08-03T00:00:00.000Z,3,E-25,399540,132269,2012-06-06T06:00:31.000Z,38.85823767,-77.00529014
57,2119544,H20373,"BOLLINGAFB - HYDRANT, US PIPE-A P SMITH",Y,ENTERPRISE WAY INT ROBBINS RD SW WESTSIDE - ANACOSTIA ANNEX #44 // SE OF BLDG. 72,N,2011-08-03T00:00:00.000Z,3,E-25,398942,132276,2012-06-06T06:00:31.000Z,38.85829991,-77.01218511
58,2119523,H20349,"BOLLINGAFB - HYDRANT, M&H - TRAFFIC 29/129",Y,MITSCHER RD SW EASTSIDE - ANACOSTIA ANNEX #11 //SOUTH OF BLDG 352,N,2011-08-03T00:00:00.000Z,3,E-25,399467,132280,2012-06-06T06:00:31.000Z,38.85833349,-77.00613212
59,2119543,H20372,"BOLLINGAFB - HYDRANT, US PIPE-A P SMITH",Y,WATSON RD INT DOHERTY DR SW NORTHSIDE - ANACOSTIA ANNEX #39,N,2011-08-03T00:00:00.000Z,3,E-25,398887,132285,2012-06-06T06:00:31.000Z,38.8583806,-77.01281727
61,2119546,H20375,"BOLLINGAFB - HYDRANT, US PIPE-A P SMITH",Y,WATSON RD INT ROBBINS RD SW WESTSIDE - ANACOSTIA ANNEX #38 //S OF BLDG. 84,N,2011-08-03T00:00:00.000Z,3,E-25,398833,132322,2012-06-06T06:00:31.000Z,38.8587194,-77.01343985
62,2119545,H20374,"BOLLINGAFB - HYDRANT, US PIPE-MET 250 WP",Y,ENTERPRISE WAY SW NORTHSIDE - ANACOSTIA ANNEX #43 // NE OF BLDG. 72,N,2011-08-03T00:00:00.000Z,3,E-25,399020,132344,2012-06-06T06:00:31.000Z,38.85890988,-77.01128406
63,2119517,H20343,"BOLLINGAFB - HYDRANT, MUELLER-SUP CENT 250",Y,POREMBA CT BET DEFENSE BLVD AND DEAD END SW NORTHSIDE - ANACOSTIA ANNEX #21,N,2011-08-03T00:00:00.000Z,3,E-25,399284,132349,2012-06-06T06:00:31.000Z,38.85895795,-77.00824143
64,2119542,H20371,"BOLLINGAFB - HYDRANT, US PIPE-A P SMITH",Y,IN FRONT OF BLDG 72 ROBBINS RD SW WESTSIDE - ANACOSTIA ANNEX #40 //SWC OF BLDG. 72,N,2011-08-03T00:00:00.000Z,3,E-25,398869,132358,2012-06-06T06:00:31.000Z,38.85903731,-77.01302903
65,2119548,H20377,"BOLLINGAFB - HYDRANT, MUELLER-SUP CENT 250",Y,NULL - ANACOSTIA ANNEX #73 //SW OF BLDG. 419,Y,2011-08-03T00:00:00.000Z,3,E-25,399111,132365,2012-06-06T06:00:31.000Z,38.85909946,-77.01023529
66,2119531,H20360,"BOLLINGAFB - HYDRANT, US PIPE-MET 250 WP",Y,IN FRONT OF BLDG 169 BROOKLEY AVE SW EASTSIDE - ANACOSTIA ANNEX #4 //E OF BLDG 169,N,2011-08-03T00:00:00.000Z,3,E-25,399603,132383,2012-06-06T06:00:31.000Z,38.85926159,-77.004572
67,2119547,H20376,"BOLLINGAFB - HYDRANT, MUELLER-SUP CENT 250",Y,NULL - ANACOSTIA ANNEX #42 //N OF BLDG. 72,Y,2011-08-03T00:00:00.000Z,3,E-25,399016,132396,2012-06-06T06:00:31.000Z,38.85938665,-77.01133252
68,2119533,H20362,"BOLLINGAFB - HYDRANT, US PIPE-MET 250 WP",Y,NULL - ANACOSTIA ANNEX #3 //SW OF BLDG 168 SWC,N,2011-08-03T00:00:00.000Z,3,E-25,399523,132404,2012-06-06T06:00:31.000Z,38.85945714,-77.00549235
69,2119541,H20370,"BOLLINGAFB - HYDRANT, US PIPE-MET 250 WP",Y,ROBBINS RD SW SOUTHSIDE - ANACOSTIA ANNEX #41// N OF BLDG. 423,N,2011-08-03T00:00:00.000Z,3,E-25,398954,132420,2012-06-06T06:00:31.000Z,38.85959925,-77.01204429
70,2119549,H20378,"BOLLINGAFB - HYDRANT, MUELLER-SUP CENT 250",Y,NULL - ANACOSTIA ANNEX #74 //SEC OF BLDG. 417,Y,2011-08-03T00:00:00.000Z,3,E-25,399153,132425,2012-06-06T06:00:31.000Z,38.85964363,-77.00975269
71,2119519,H20345,"BOLLINGAFB - HYDRANT, MUELLER-SUP CENT 250",Y,MTSCHER RD SW OTHER - ANACOSTIA ANNEX #52 //SEC BLDG 408,Y,2011-08-03T00:00:00.000Z,3,E-25,399472,132440,2012-06-06T06:00:31.000Z,38.85977499,-77.00607514
72,2119518,H20344,"BOLLINGAFB - HYDRANT, MUELLER-SUP CENT 250",Y,DEFENSE BLVD SW OTHER - ANACOSTIA ANNEX #53 //SWC OF BLDG 399 AT PARKING LOT,Y,2011-08-03T00:00:00.000Z,3,E-25,399388,132474,2012-06-06T06:00:31.000Z,38.86008302,-77.0070455
73,2119540,H20369,"BOLLINGAFB - HYDRANT, MUELLER-SUP CENT 250",Y,IN FRONT OF BLDG 418 ROBBINS RD SW SOUTHSIDE - ANACOSTIA ANNEX #72,Y,2011-08-03T00:00:00.000Z,3,E-25,399089,132484,2012-06-06T06:00:31.000Z,38.86017658,-77.01048568
74,2119532,H20361,"BOLLINGAFB - HYDRANT, US PIPE-MET 250 WP",Y,NULL - ANACOSTIA ANNEX #5 //NEC BLDG 168,N,2011-08-03T00:00:00.000Z,3,E-25,399660,132510,2012-06-06T06:00:31.000Z,38.86040612,-77.00391112
75,2119539,H20368,"BOLLINGAFB - HYDRANT, MUELLER-SUP CENT 250",Y,NULL - ANACOSTIA ANNEX #75 // NE OF BLDG 417,Y,2011-08-03T00:00:00.000Z,3,E-25,399226,132530,2012-06-06T06:00:31.000Z,38.86059021,-77.00891333
76,2119527,H20353,"BOLLINGAFB - HYDRANT, MUELLER-SUP CENT 250",Y,DEFENSE BLVD INT MITSCHER RD SW SEC - ANACOSTIA ANNEX #2,N,2011-08-03T00:00:00.000Z,3,E-25,399595,132574,2012-06-06T06:00:31.000Z,38.86098222,-77.0046549
77,2119520,H20346,"BOLLINGAFB - HYDRANT, MUELLER-SUP CENT 250",Y,MTSCHER RD SW OTHER - ANACOSTIA ANNEX #51 //NEC OF BLDG 399,Y,2011-08-03T00:00:00.000Z,3,E-25,399533,132578,2012-06-06T06:00:31.000Z,38.86102422,-77.00537523
78,2119522,H20348,"BOLLINGAFB - HYDRANT, MUELLER-SUP CENT 250",Y,DEFENSE BLVD SW EASTSIDE - ANACOSTIA ANNEX #49 //W OF BLDG 399//PARKING LOT,Y,2011-08-03T00:00:00.000Z,3,E-25,399404,132593,2012-06-06T06:00:31.000Z,38.86116057,-77.00686234
79,2119521,H20347,"BOLLINGAFB - HYDRANT, MUELLER-SUP CENT 250",Y,DEFENSE BLVD SW EASTSIDE - ANACOSTIA ANNEX #50 //NWC OF BLDG 399,Y,2011-08-03T00:00:00.000Z,3,E-25,399441,132611,2012-06-06T06:00:31.000Z,38.86131574,-77.00643812
80,2119535,H20364,"BOLLINGAFB - HYDRANT, MUELLER-SUP CENT 250",Y,NULL - ANACOSTIA ANNEX #1 //NEC OF BLDG 414,N,2011-08-03T00:00:00.000Z,3,E-15,399619,132660,2012-06-06T06:00:31.000Z,38.86176552,-77.00438818
81,2119536,H20365,"BOLLINGAFB - HYDRANT, KENNEDY-K81-A/D GUAR",Y,NULL - ANACOSTIA ANNEX #46 // SEC OF BLDG 413,Y,2011-08-03T00:00:00.000Z,3,E-15,399590,132926,2012-06-06T06:00:31.000Z,38.86415395,-77.00472345
82,2120574,H20694,"PRIVATE - HYDRANT, MUELLER-SUP CENT 250",Y,REAR OF 200 V ST SW SOUTHSIDE - JAMES CREEK MARINA,N,2010-08-31T00:00:00.000Z,2,E-7,398734,132935,2012-06-06T06:00:31.000Z,38.86423851,-77.01458725
83,2119537,H20366,"BOLLINGAFB - HYDRANT, KENNEDY-K81-A/D GUAR",Y,NULL - ANACOSTIA ANNEX #47 // IN FRONT OF BLDG 413,Y,2011-08-03T00:00:00.000Z,3,E-15,399574,133002,2012-06-06T06:00:31.000Z,38.8648432,-77.00490813
84,2119538,H20367,"BOLLINGAFB - HYDRANT, KENNEDY-K81-A/D GUAR",Y,NULL - ANACOSTIA ANNEX #48 //IN FRONT OF BLDG 413 //NORTH,Y,2011-08-03T00:00:00.000Z,3,E-15,399571,133041,2012-06-06T06:00:31.000Z,38.86519701,-77.00494203
85,2120572,H20692,"FTMCNAIR - HYDRANT, MUELLER-SUP CENT 250",Y,S ST BET 5TH AVE AND 6TH AVE SW SWC - FORT MCNAIR //IFO LINCOLN HALL //BET 5TH AVE & 2ND ST HYDRANT # 34,N,2011-08-04T00:00:00.000Z,2,E-7,398741,133373,2012-06-06T06:00:31.000Z,38.86818026,-77.01450078
87,2123700,H00393,"NPS - HYDRANT, AP SMITH - O'BRIEN",Y,OHIO DR INT BUCKEYE DR SW NEC,N,2011-11-25T00:00:00.000Z,6,E-13,397008,134239,2012-06-06T06:00:31.000Z,38.87597853,-77.03447984
88,2117816,H07556,"HYDRANT, LORTON - O'BRIEN",Y,DELAWARE AVE INT M ST SW SEC,N,2012-02-07T00:00:00.000Z,2,E-7,398798,134268,2012-06-06T06:00:31.000Z,38.87624821,-77.0138469
89,2123517,H00335,"NPS - HYDRANT, CLOW - EDDY",Y,INTERSTATE 395 INT ROCHAMBEAU BRG SW NWC,N,2011-11-25T00:00:00.000Z,6,E-13,397139,134378,2012-06-06T06:00:31.000Z,38.87723703,-77.03296808
90,2120205,H21213,"NPS - HYDRANT, MUELLER-SUP CENT 250",Y,BUCKEYE DR BET OHIO DR & OHIO DR SW - SOUTHSIDE - IFO MAINTENANCE FACILITY,Y, ,6,E-13,397291,134415,2012-06-06T06:00:31.000Z,38.8775702,-77.03121269
91,2121171,H20879,"NPS - HYDRANT, MUELLER-SUP CENT 250",Y,OHIO DR INT METRO BRIDGE SW SEC - NPS // PARKING LOT C //UNDER METRO BRIDGE,Y,2011-11-25T00:00:00.000Z,6,E-13,396803,134423,2012-06-06T06:00:31.000Z,38.87763919,-77.03683855
92,2117900,H07138,"HYDRANT, MUELLER-SUP CENT 250",Y,HALF ST INT L ST SW NEC,Y,2011-07-11T00:00:00.000Z,2,E-7,399083,134423,2012-06-06T06:00:31.000Z,38.87764041,-77.0105661
93,2123664,H00339,"NPS - HYDRANT, MUELLER-SUP CENT 250",Y,OHIO DR BET 14TH ST BRIDGE AND EAST BASIN DRIVE SW NWC - MEMORIAL PARKING LOT A,Y,2011-11-25T00:00:00.000Z,6,E-13,396718,134485,2012-06-06T06:00:31.000Z,38.87819243,-77.03782077
94,2123701,H00395,"NPS - HYDRANT, MUELLER-SUP CENT 250",Y,IN FRONT OF 1000 OHIO DR SW OTHER - NPS MAINTENANCE YARD // BUCKEYE DR,Y,2011-11-25T00:00:00.000Z,6,E-13,397131,134486,2012-06-06T06:00:31.000Z,38.87820755,-77.03305567
95,2117360,H07741,"HYDRANT, MUELLER-SUP CENT 250",Y,K ST INT DELAWARE AVE SW NWC,Y,2011-05-26T00:00:00.000Z,2,E-7,398835,134514,2012-06-06T06:00:31.000Z,38.87846171,-77.01342037
96,2119590,H21013,"NPS - HYDRANT, CLOW - EDDY",Y,OHIO DR BET BUCKEYE DR AND I 395 SW WESTSIDE,N,2011-11-25T00:00:00.000Z,6,E-13,397326,134624,2012-06-06T06:00:31.000Z,38.87944805,-77.03081076
97,2121170,H20878,"NPS - HYDRANT, KENNEDY-K81-A/D GUAR",Y,EAST BASIN DR BET OHIO DR AND 14TH ST SW SOUTHSIDE - NPS - #1,Y,2011-11-25T00:00:00.000Z,6,E-13,396688,134667,2012-06-06T06:00:31.000Z,38.87983888,-77.03816422
98,2123746,H01242,"HYDRANT, AP SMITH - O'BRIEN",Y,7TH ST INT H ST SW NWC,N,2012-01-06T00:00:00.000Z,6,E-13,398086,134725,2012-06-06T06:00:31.000Z,38.88035897,-77.02205279
99,2123744,H01239,"HYDRANT, CLOW - EDDY",Y,7TH ST INT H ST SW NEC,N,2012-01-20T00:00:00.000Z,6,E-13,398015,134731,2012-06-06T06:00:31.000Z,38.88041438,-77.02287213
100,2122628,H01746,"HYDRANT, MUELLER-SUP CENT 250",Y,SOUTH CAPITOL ST BET I ST AND VIRGINIA AVE SW WESTSIDE,Y,2011-10-25T00:00:00.000Z,2,E-7,399202,134862,2012-06-06T06:00:31.000Z,38.88159281,-77.00919106
103,2115450,H05032,"HYDRANT, US PIPE-MET 250 M94",Y,MAINE AVE INT EAST BASIN DR SW NORTHSIDE - @ 14TH ST OVERPASS,N,2011-11-22T00:00:00.000Z,6,E-13,397193,135100,2012-06-06T06:00:31.000Z,38.88373828,-77.03234212
107,2118828,H09307,"HYDRANT, MUELLER-SUP CENT 250",Y,WASHINGTON AVE INT DELAWARE AVE SW SEC,Y,2011-10-07T00:00:00.000Z,2,E-7,399066,135223,2012-06-06T06:00:31.000Z,38.88484831,-77.01075915
108,2118447,H08498,"HYDRANT, US PIPE-MET 250 WP",Y,PENNSYLVANIA AVE BET 6TH ST AND 7TH ST SE NORTHSIDE - IN THE MEDIAN,N,2012-04-09T00:00:00.000Z,2,E-18,400231,135262,2012-06-06T06:00:31.000Z,38.88520444,-76.99732927
109,2120088,H21180,"NPS - HYDRANT, MUELLER-SUP CENT 250",Y,IN FRONT OF MLK MEMORIAL WEST BASIN DR SW WESTSIDE - SOUTH OF INDEPENDENCE AVE,Y,2011-08-08T00:00:00.000Z,6,E-23,396088,135320,2012-06-06T06:00:31.000Z,38.8857104,-77.0450825
110,2121298,H20926,"DDOT - HYDRANT, METRO - WALL MOUNT FLSH",Y,IN FRONT OF 29+00 3RD ST TUNNEL NB SW WESTSIDE - 3RD ST TUNNEL // NBH1,N,2011-08-19T00:00:00.000Z,6,E-13,398888,135339,2012-06-06T06:00:31.000Z,38.88589565,-77.01281173
111,2121297,H20925,"DDOT - HYDRANT, METRO - WALL MOUNT FLSH",Y,IN FRONT OF 31+00 3RD ST TUNNEL SB SW EASTSIDE - 3RD ST TUNNEL // SBH13,N,2011-08-19T00:00:00.000Z,6,E-13,398855,135358,2012-06-06T06:00:31.000Z,38.88606682,-77.0131939
112,2115452,H05034,"HYDRANT, AM DARLING - B-62-B",Y,RAOUL WALLENBERG PL SW EASTSIDE - R/O 301,N,2011-11-22T00:00:00.000Z,6,E-13,397089,135359,2012-06-06T06:00:31.000Z,38.88607079,-77.03354988
113,2120089,H21181,"NPS - HYDRANT, MUELLER-SUP CENT 250",Y,WEST BASIN DR INT INDEPENDENCE AVE SW SWC - MLK MEMORIAL,Y,2011-08-08T00:00:00.000Z,6,E-23,396093,135420,2012-06-06T06:00:31.000Z,38.88661888,-77.04502651
114,2119136,H09001,"HYDRANT, US PIPE-MET 250 M94",Y,RAOUL WALLENBERG PL SW EASTSIDE - WEST OF HOOCAUST MUSUEM,N,2011-11-22T00:00:00.000Z,6,E-13,397085,135421,2012-06-06T06:00:31.000Z,38.886626,-77.03359545
115,2120090,H21182,"NPS - HYDRANT, MUELLER-SUP CENT 250",Y,IN FRONT OF INDEPENDENCE AVE SE SOUTHSIDE - MLK MEMORIAL,Y,2011-08-08T00:00:00.000Z,6,E-23,396241,135429,2012-06-06T06:00:31.000Z,38.8867001,-77.04332511
116,2122355,H03366,"HYDRANT, MUELLER-SUP CENT 250",Y,PENNSYLVANIA AVE BET 3RD ST AND 4TH ST SE OTHER - MIDDLE OF THE ISLAND,Y,2012-04-13T00:00:00.000Z,2,E-18,399887,135442,2012-06-06T06:00:31.000Z,38.88681945,-77.00129491
117,2119144,H09010,"HYDRANT, AM DARLING - B-62-B",Y,RAOUL WALLENBERG PL INT INDEPENDENCE AVE SW SEC,N,2012-01-12T00:00:00.000Z,6,E-13,397084,135498,2012-06-06T06:00:31.000Z,38.88732286,-77.03360302
118,2120596,H09549,"HYDRANT, KENNEDY-K81-A/D GUAR",Y,WASHINGTON AVE INT INDEPENDENCE AVE SW SWC,Y,2011-11-22T00:00:00.000Z,6,E-13,398787,135506,2012-06-06T06:00:31.000Z,38.88739866,-77.01397951
119,2118199,H08237,"HYDRANT, KENNEDY-K81-A/D GUAR",Y,INDEPENDENCE AVE INT 6TH ST SW NEC,Y,2011-11-22T00:00:00.000Z,6,E-13,398292,135539,2012-06-06T06:00:31.000Z,38.88769426,-77.01968661
120,2117467,H07856,"HYDRANT, MUELLER-SUP CENT 250",Y,7TH ST INT INDEPENDENCE AVE SW NWC,Y,2011-11-22T00:00:00.000Z,6,E-13,398086,135547,2012-06-06T06:00:31.000Z,38.88776425,-77.02205065
121,2124286,H00565,"HYDRANT, KENNEDY-K81-A/D GUAR",Y,4TH ST BET INDEPENDENCE AVE AND JEFFERSON DR SW WESTSIDE,Y,2011-11-22T00:00:00.000Z,6,E-13,398468,135576,2012-06-06T06:00:31.000Z,38.88802504,-77.01765761
122,2121279,H20907,"NPS - HYDRANT, KENNEDY-K81-A/D GUAR",Y,HOME FRONT DR SW WESTSIDE - NPS // IFO WW II MEM. COMFORT STATION //NORTH OF INDEPENDENCE AVE INT,N,2010-07-26T00:00:00.000Z,6,E-23,396422,135577,2012-06-06T06:00:31.000Z,38.88803566,-77.04124099
123,2121169,H20877,"NPS - HYDRANT, MUELLER-SUP CENT 250",Y,DANIEL FRENCH DR BET INDEPENDENCE AVE AND LINCOLN MEMORIAL CIR SW WESTSIDE - NPS,N,2010-07-20T00:00:00.000Z,6,E-23,395736,135586,2012-06-06T06:00:31.000Z,38.88810875,-77.04914662
124,2118475,H08528,"NPS - HYDRANT, AM DARLING - B-84-B",Y,JEFFERSON DR BET 14TH ST AND 12TH ST SW NORTHSIDE - 1ST HYDRANT FROM 14TH ST INT,N,2011-11-22T00:00:00.000Z,6,E-13,397365,135650,2012-06-06T06:00:31.000Z,38.88869186,-77.03036359
125,2114015,H03800,"NPS - HYDRANT, AM DARLING - B-84-B",Y,JEFFERSON DR BET 14TH ST AND 12TH ST SW NORTHSIDE - 2ND HYDRANT FROM 14TH STREET,N,2011-11-22T00:00:00.000Z,6,E-13,397427,135651,2012-06-06T06:00:31.000Z,38.88870588,-77.02965258
126,2118169,H08202,"NPS - HYDRANT, AM DARLING - B-84-B",Y,JEFFERSON DR BET 12TH ST AND 14TH ST SW NORTHSIDE - 3RD HYDRANT FROM 14TH STREET,N,2011-11-22T00:00:00.000Z,6,E-13,397478,135652,2012-06-06T06:00:31.000Z,38.88871496,-77.02906455
128,2116073,H05957,"NPS - HYDRANT, AM DARLING - B-84-B",Y,JEFFERSON ST BET 12TH ST AND 9TH ST SW NORTHSIDE,N,2011-11-22T00:00:00.000Z,6,E-13,397869,135667,2012-06-06T06:00:31.000Z,38.88884976,-77.02456246
129,2119111,H08976,"NPS - HYDRANT, AM DARLING - B-84-B",Y,JEFFERSON DR BET 3RD ST AND 4TH ST SW NORTHSIDE - NPS // ACROSS FROM NATIVE AMERICAN MUSEUM,N,2011-11-22T00:00:00.000Z,6,E-13,398561,135669,2012-06-06T06:00:31.000Z,38.88886827,-77.01658512
130,2123139,H00215,"DDOT - HYDRANT, METRO - WALL MOUNT FLSH",Y,IN FRONT OF 40+00 3RD ST TUNNEL NB SW WESTSIDE - 3RD ST TUNNEL // NBH4,N,2011-08-19T00:00:00.000Z,6,E-13,398779,135671,2012-06-06T06:00:31.000Z,38.88888603,-77.01407071
132,2121306,H20934,"DDOT - HYDRANT, METRO - WALL MOUNT FLSH",Y,IN FRONT OF 43+00 3RD ST TUNNEL SB SW EASTSIDE - 3RD ST TUNNEL // SBH10,N,2011-08-19T00:00:00.000Z,6,E-13,398772,135677,2012-06-06T06:00:31.000Z,38.88894186,-77.01415303
133,2115445,H05027,"HYDRANT, KENNEDY-K81-A/D GUAR",Y,3RD ST INT JEFFERSON DR SW NWC,Y,2011-11-22T00:00:00.000Z,6,E-13,398669,135680,2012-06-06T06:00:31.000Z,38.88896449,-77.01533728
134,2121278,H20906,"NPS - HYDRANT, CLOW - EDDY",Y,ACCROSS FROM WW II MEMORIAL 17TH ST SW EASTSIDE - NPS,N,2010-07-26T00:00:00.000Z,6,E-23,396582,135687,2012-06-06T06:00:31.000Z,38.88901899,-77.0393936
135,2114204,H04002,"HYDRANT, MUELLER-SUP CENT 250",Y,7TH ST INT JEFFERSON DR SW NWC,Y,2011-11-22T00:00:00.000Z,6,E-13,398086,135690,2012-06-06T06:00:31.000Z,38.88905697,-77.02205651
136,2121167,H20875,"NPS - HYDRANT, AM DARLING - B-62-B",Y,15TH ST INT MADISON DR NW SEC - NPS,N,2012-04-23T00:00:00.000Z,6,E-13,397147,135797,2012-06-06T06:00:31.000Z,38.89001679,-77.03287614
137,2121301,H20929,"DDOT - HYDRANT, METRO - WALL MOUNT FLSH",Y,IN FRONT OF 44+00 3RD ST TUNNEL NB NW WESTSIDE - 3RD ST TUNNEL // NBH5,N,2011-08-19T00:00:00.000Z,6,E-13,398781,135798,2012-06-06T06:00:31.000Z,38.89002794,-77.01404971
138,2121305,H20933,"DDOT - HYDRANT, METRO - WALL MOUNT FLSH",Y,IN FRONT OF 47+00 3RD ST TUNNEL SB NW EASTSIDE - 3RD ST TUNNEL // SBH5,N,2011-08-19T00:00:00.000Z,6,E-13,398774,135804,2012-06-06T06:00:31.000Z,38.89008151,-77.01412937
139,2114793,H04591,"NPS - HYDRANT, MUELLER-SUP CENT 250",Y,7TH ST INT MADISON DR NW SWC,Y,2012-04-23T00:00:00.000Z,6,E-13,398087,135819,2012-06-06T06:00:31.000Z,38.89021223,-77.0220433
142,2121168,H20876,"NPS - HYDRANT, MUELLER-SUP CENT 250",Y,HENRY BACON DR INT LINCOLN MEMORIAL CIR NW NWC - NPS // NEAR LINCOLN MEM. INT,N,2010-07-28T00:00:00.000Z,6,E-23,395719,135840,2012-06-06T06:00:31.000Z,38.89040059,-77.04934187
144,2117502,H07894,"NPS - HYDRANT, CLOW - EDDY",Y,MADISON DR INT 9TH ST NW SWC,N,2012-04-23T00:00:00.000Z,6,E-13,397904,135845,2012-06-06T06:00:31.000Z,38.89044877,-77.02415877
145,2115560,H05153,"NPS - HYDRANT, CLOW - EDDY",Y,MADISON DR BET 9TH ST AND 12TH ST NW NORTHSIDE,N,2012-04-23T00:00:00.000Z,6,E-2,397820,135860,2012-06-06T06:00:31.000Z,38.8905852,-77.02512396
167,2121396,H03124,"NPS - HYDRANT, MUELLER-SUP CENT 250",Y,PENNSYLVANIA AVE INT 6TH ST NW SEC,Y,2012-05-18T00:00:00.000Z,6,E-2,398289,136075,2012-06-06T06:00:31.000Z,38.89252263,-77.01971402
168,2115953,H05829,"HYDRANT, KENNEDY-K81-A/D GUAR",Y,PENNSYLVANIA AV INT CONSTITUTION AVE NW NWC,Y,2012-05-17T00:00:00.000Z,6,E-2,398380,136083,2012-06-06T06:00:31.000Z,38.89259686,-77.01866797
169,2124277,H00554,"HYDRANT, KENNEDY-K81-A/D GUAR",Y,PENNSYLVANIA AVE BET 7TH ST AND 6TH ST NW SOUTHSIDE - IFO 600,Y,2012-05-18T00:00:00.000Z,6,E-2,398194,136108,2012-06-06T06:00:31.000Z,38.89282412,-77.02081747
170,2120620,H09574,"HYDRANT, MUELLER-SUP CENT 250",Y,PENNSYLVANIA AVE INT 6TH ST NW NEC,Y,2012-05-17T00:00:00.000Z,6,E-2,398295,136110,2012-06-06T06:00:31.000Z,38.89283631,-77.01965354
171,2121401,H03129,"HYDRANT, KENNEDY-K81-A/D GUAR",Y,PENNSYLVANIA AVE INT 6TH ST NW NWC,Y,2012-05-17T00:00:00.000Z,6,E-2,398256,136124,2012-06-06T06:00:31.000Z,38.89296296,-77.02009946
172,2124250,H00522,"NPS - HYDRANT, MUELLER-SUP CENT 250",Y,PENNSYLVANIA AVE BET 6TH ST AND 7TH ST NW NORTHSIDE,Y,2012-05-17T00:00:00.000Z,6,E-2,398200,136144,2012-06-06T06:00:31.000Z,38.89314132,-77.02074562
173,2114002,H03786,"HYDRANT, MUELLER-SUP CENT 250",Y,PENNSYLVANIA AVE INT 7TH ST NW SWC,Y,2012-04-23T00:00:00.000Z,6,E-2,398073,136152,2012-06-06T06:00:31.000Z,38.89321196,-77.02220537
174,2117677,H07410,"HYDRANT, LORTON - O'BRIEN",Y,E ST EXPY INT INTERSTATE 66 I NW WESTSIDE - WASA POTOMAC PUMPING STATIONS,N,2011-11-17T00:00:00.000Z,6,E-23,395285,136153,2012-06-06T06:00:31.000Z,38.89321412,-77.05434795
175,2117353,H07732,"HYDRANT, KENNEDY-K81-A/D GUAR",Y,ROCK CREEK & POTOMAC PKWY NW EASTSIDE - UNDER INTERSTATE 66,Y,2011-11-17T00:00:00.000Z,6,E-23,395185,136160,2012-06-06T06:00:31.000Z,38.89327831,-77.05549351
176,2120232,H09420,"HYDRANT, MUELLER-SUP CENT 250",Y,PENNSYLVANIA AVE INT 7TH ST NW NEC - NPS,Y,2012-05-17T00:00:00.000Z,6,E-2,398124,136170,2012-06-06T06:00:31.000Z,38.89338222,-77.02161781
177,2113942,H03724,"HYDRANT, MUELLER-SUP CENT 250",Y,PENNSYLVANIA AVE BET 9TH ST AND 10TH ST NW SOUTHSIDE,Y,2012-05-17T00:00:00.000Z,6,E-2,397875,136222,2012-06-06T06:00:31.000Z,38.89384781,-77.02449092
178,2121569,H03154,"HYDRANT, US PIPE-MET 250 M94",Y,7TH ST INT INDIANA AVE NW WESTSIDE,N,2012-05-18T00:00:00.000Z,6,E-2,398084,136224,2012-06-06T06:00:31.000Z,38.89386891,-77.02208561
179,2120957,H09693,"HYDRANT, KENNEDY-K81-A/D GUAR",Y,REAR OF 2700 F STREET NW SOUTHSIDE - RAMP FROM ROCK CREEK PKWY TO REAR OF KENNEDY CENTER,Y,2011-11-17T00:00:00.000Z,6,E-23,395148,136238,2012-06-06T06:00:31.000Z,38.89398387,-77.05592289
180,2121394,H03122,"NPS - HYDRANT, MUELLER-SUP CENT 250",Y,9TH ST INT PENNSYLVANIA AVE NW NEC,Y,2012-05-17T00:00:00.000Z,6,E-2,397947,136240,2012-06-06T06:00:31.000Z,38.89401034,-77.02365564
181,2124053,H00465,"HYDRANT, MUELLER-SUP CENT 250",Y,PENNSYLVANIA AVE INT 10TH ST NW SEC,Y,2012-05-17T00:00:00.000Z,6,E-2,397791,136249,2012-06-06T06:00:31.000Z,38.89409272,-77.02545592
182,2118538,H08596,"HYDRANT, MUELLER-SUP CENT 250",Y,PENNSYLVANIA AVE INT 10TH ST NW SWC,Y,2012-05-07T00:00:00.000Z,6,E-2,397712,136281,2012-06-06T06:00:31.000Z,38.89437775,-77.02636846
183,2120374,H09480,"HYDRANT, MUELLER-SUP CENT 250",Y,PENNSYLVANIA AVE INT 10TH ST NW NWC,Y,2012-05-07T00:00:00.000Z,6,E-2,397717,136315,2012-06-06T06:00:31.000Z,38.89467996,-77.02631003
184,2118539,H08597,"NPS - HYDRANT, KENNEDY-K81-A/D GUAR",Y,PENNSYLVANIA AVE BET 11TH ST AND 12TH ST NW SOUTHSIDE,Y,2012-05-07T00:00:00.000Z,6,E-2,397602,136320,2012-06-06T06:00:31.000Z,38.89472856,-77.02763774
185,2120958,H09694,"HYDRANT, US PIPE-MET 250 M94",Y,ROCK CREEK & POTOMAC PKWY BET INTERSTATE 66 I AND F ST NW EASTSIDE - SOUTH END OF THE KENNEDY CENTER,N,2011-11-17T00:00:00.000Z,6,E-23,395112,136323,2012-06-06T06:00:31.000Z,38.89474529,-77.05633658
186,2118345,H08389,"HYDRANT, KENNEDY-K81-A/D GUAR",Y,12TH ST INT PENNSYLVANIA AVE NW SWC,Y,2012-05-10T00:00:00.000Z,6,E-16,397548,136330,2012-06-06T06:00:31.000Z,38.89481599,-77.02825525
187,2118003,H08019,"HYDRANT, MUELLER-SUP CENT 250",Y,11TH ST INT PENNSYLVANIA AVE NW NEC,Y,2012-05-17T00:00:00.000Z,6,E-2,397666,136348,2012-06-06T06:00:31.000Z,38.89498285,-77.02689918
188,2121575,H03161,"HYDRANT, KENNEDY-K81-A/D GUAR",Y,PENNSYLVANIA AVE BET 11TH ST AND 12TH ST NW NORTHSIDE,Y,2012-05-17T00:00:00.000Z,6,E-2,397607,136354,2012-06-06T06:00:31.000Z,38.89503854,-77.02757936
189,2118536,H08594,"HYDRANT, MUELLER-SUP CENT 250",Y,PENNSYLVANIA AVE BET 12TH ST AND 13TH ST NW SOUTHSIDE,Y,2012-05-17T00:00:00.000Z,6,E-16,397464,136369,2012-06-06T06:00:31.000Z,38.8951656,-77.02923303
190,2118537,H08595,"HYDRANT, KENNEDY-K81-A/D GUAR",Y,12TH ST INT PENNSYLVANIA AVE NW NWC,Y,2012-05-10T00:00:00.000Z,6,E-16,397555,136381,2012-06-06T06:00:31.000Z,38.89528161,-77.02817722
191,2120375,H09481,"HYDRANT, KENNEDY-K81-A/D GUAR",Y,13 1/2 ST INT PENNSYLVANIA AVE NW SEC,N,2012-04-26T00:00:00.000Z,6,E-16,397341,136390,2012-06-06T06:00:31.000Z,38.89536226,-77.0306491
192,2118515,H08570,"NPS - HYDRANT, MUELLER-SUP CENT 250",Y,PENNSYLVANIA AVE BET 12TH ST AND 13TH ST NW NORTHSIDE,Y,2012-05-07T00:00:00.000Z,6,E-16,397499,136393,2012-06-06T06:00:31.000Z,38.89538199,-77.02882087
193,2118462,H08515,"NPS - HYDRANT, MUELLER-SUP CENT 250",Y,14TH ST BET PENNSYLVANIA AVE EAST BOUND AND PENNSYLVANIA AVE  WEST BOUND NW EASTSIDE - NPS,Y,2012-04-26T00:00:00.000Z,6,E-16,397240,136438,2012-06-06T06:00:31.000Z,38.89578953,-77.03181081
194,2118552,H08610,"HYDRANT, MUELLER-SUP CENT 250",Y,15TH ST INT PENNSYLVANIA AVE NW NEC,Y,2012-05-10T00:00:00.000Z,6,E-16,397093,136439,2012-06-06T06:00:31.000Z,38.89580285,-77.0335043
195,2118551,H08609,"NPS - HYDRANT, MUELLER-SUP CENT 250",Y,13TH ST INT E ST NW SWC,Y,2012-05-17T00:00:00.000Z,6,E-16,397420,136456,2012-06-06T06:00:31.000Z,38.89594911,-77.02974068
196,2118550,H08608,"NPS - HYDRANT, CLOW - EDDY",Y,15TH ST INT PENNSYLVANIA AVE NW SEC,N,2012-04-26T00:00:00.000Z,6,E-16,397093,136489,2012-06-06T06:00:31.000Z,38.896253,-77.03350773
197,2122342,H03352,"NPS - HYDRANT, MUELLER-SUP CENT 250",Y,PENNSYLVANIA AVE INT 14TH ST NW NWC,Y,2012-04-26T00:00:00.000Z,6,E-16,397210,136494,2012-06-06T06:00:31.000Z,38.89629812,-77.03216076
198,2123896,H00455,"NPS - HYDRANT, US PIPE-A P SMITH",Y,PENNSYLVANIA AVE BET 14TH ST AND 15TH ST NW NORTHSIDE,N,2012-04-26T00:00:00.000Z,6,E-16,397142,136511,2012-06-06T06:00:31.000Z,38.89644423,-77.03294542
199,2119690,H21031,"HYDRANT, AP SMITH - O'BRIEN",Y,REAR OF US TREASURY BLDG ALEXANDER HAMILTON PL NW NORTHSIDE - US TREASURY BLDG// CLOSEST TO E. EXEC AVE.,N,2012-01-26T00:00:00.000Z,6,E-16,396996,136516,2012-06-06T06:00:31.000Z,38.89648889,-77.03462762
200,2123907,H01262,"HYDRANT, AP SMITH - O'BRIEN",Y,ALEXANDER HAMILTON PL INT 15TH ST NW NORTHSIDE,N,2012-01-24T00:00:00.000Z,6,E-16,397051,136516,2012-06-06T06:00:31.000Z,38.89649319,-77.0339912
201,2123922,H01278,"HYDRANT, US PIPE-A P SMITH",Y,ALEXANDER HAMILTON PL INT E EXECUTIVE AVE NW NORTHSIDE - 1ST HYDRANT NORTH ON E EXECUTIVE AVE,N,2012-01-26T00:00:00.000Z,6,E-16,396958,136540,2012-06-06T06:00:31.000Z,38.89670543,-77.03505867
202,2123516,H00333,"HYDRANT, MUELLER-SUP CENT 250",Y,WEST EXECUTIVE BET STATE PL AND PENNSYLVANIA AVE NW EASTSIDE - 1ST HYD. NORTH OF STATE PL.,Y,2011-07-19T00:00:00.000Z,6,E-16,396714,136574,2012-06-06T06:00:31.000Z,38.8970172,-77.03786929
203,2117310,H07684,"HYDRANT, KENNEDY-K81-A/D GUAR",Y,ROCK CREEK & POTOMAC PKY INT F ST NW SEC,Y,2011-11-21T00:00:00.000Z,6,E-23,395111,136595,2012-06-06T06:00:31.000Z,38.8971955,-77.05635269
204,2123910,H01266,"HYDRANT, US PIPE-A P SMITH",Y,EAST EXECUTIVE AVE NW EASTSIDE - 3RD HYD. SOUTH OF PENN. AVE,N,2012-01-24T00:00:00.000Z,6,E-16,396958,136595,2012-06-06T06:00:31.000Z,38.89720534,-77.03506426
205,2123909,H01265,"HYDRANT, US PIPE-A P SMITH",Y,EAST EXECUTIVE AVE NW EASTSIDE - 2ND HYD SOUTH OF PENN. AVE,N,2012-01-24T00:00:00.000Z,6,E-16,396959,136643,2012-06-06T06:00:31.000Z,38.89763677,-77.03505199
206,2120183,H21190,"HYDRANT, MUELLER-SUP CENT 250",Y,IN FRONT OF 1600 PENNSYLVANIA AVE NW EASTSIDE - WHITE HOUSE// WEST OF NORTH PORTICO,Y,2011-07-19T00:00:00.000Z,6,E-16,396715,136668,2012-06-06T06:00:31.000Z,38.89786236,-77.03786477
207,2117387,H07771,"NPS - HYDRANT, MUELLER-SUP CENT 250",Y,IN FRONT OF 1600 PENNSYLVANIA AVE NW NORTHSIDE - WHITE HOUSE// EAST OF NORTH PORTICO,Y,2011-07-19T00:00:00.000Z,6,E-16,396858,136679,2012-06-06T06:00:31.000Z,38.89796388,-77.03621682
208,2117388,H07772,"NPS - HYDRANT, US PIPE-A P SMITH",Y,IN FRONT OF 1600 PENNSYLVANIA AVE NW NORTHSIDE - WHITE HOUSE// WEST OF NORTH PORTICO,N,2011-07-19T00:00:00.000Z,6,E-16,396799,136680,2012-06-06T06:00:31.000Z,38.89796856,-77.03689681
209,2123037,H01885,"HYDRANT, US PIPE-A P SMITH",Y,EAST EXECUTIVE AVE NW EASTSIDE - 1ST HYD SOUTH OF PENN AVE,N,2012-01-24T00:00:00.000Z,6,E-16,396960,136712,2012-06-06T06:00:31.000Z,38.89825743,-77.03504163
211,2121291,H20919,"DDOT - HYDRANT, MUELLER-SUP CENT 250",Y,IN FRONT OF 63+00 AIR RIGHTS TUNNEL NB NW EASTSIDE - 3RD ST TUNNEL // NBH11,Y,2011-08-19T00:00:00.000Z,6,E-2,398784,136960,2012-06-06T06:00:31.000Z,38.90049738,-77.01401821
212,2121290,H20918,"DDOT - HYDRANT, MUELLER-SUP CENT 250",Y,IN FRONT OF 64+00 AIR RIGHTS TUNNEL SB NW WESTSIDE - 3RD ST TUNNEL // SBH3,Y,2012-04-27T00:00:00.000Z,6,E-2,398759,136966,2012-06-06T06:00:31.000Z,38.90055264,-77.01429915
214,2122410,H00861,"HYDRANT, KENNEDY-K81-A/D GUAR",Y,MASSACHUSETTS AVE INT THOMAS CIR NW NWC,Y,2012-04-27T00:00:00.000Z,6,E-16,397185,137569,2012-06-06T06:00:31.000Z,38.90597953,-77.0324473
215,2124232,H03064,"HYDRANT, MUELLER-SUP CENT 250",Y,26TH ST INT O ST NW NWC,Y,2011-07-07T00:00:00.000Z,6,E-1,395245,137865,2012-06-06T06:00:31.000Z,38.90863923,-77.05481948
216,2118338,H08382,"HYDRANT, MUELLER-SUP CENT 250",Y,BRENTWOOD PKY INT PENN ST NE EASTSIDE - A/F 6TH ST ENTRANCE TO 515 NY AVE,Y,2012-03-16T00:00:00.000Z,1,E-10,400392,137980,2012-06-06T06:00:31.000Z,38.90968167,-76.99547104
217,2118337,H08381,"HYDRANT, MUELLER-SUP CENT 250",Y,BRENTWOOD PKWY BET PENN ST AND MOUNT OLIVET RD NE SOUTHSIDE - IFO 1401 BRENTWOOD PKWY,Y,2012-03-16T00:00:00.000Z,1,E-10,400468,138005,2012-06-06T06:00:31.000Z,38.90990909,-76.99460353
219,2121287,H20915,"NPS - HYDRANT, MUELLER-SUP CENT 250",Y,IN FRONT OF 1400 BRENTWOOD PKWY NE SOUTHSIDE - NPS // SOUTH OF MAINTENANCE FACILITY //BRENTWOOD PKWY,Y,2012-03-16T00:00:00.000Z,1,E-10,400492,138048,2012-06-06T06:00:31.000Z,38.91029775,-76.99432626
220,2117135,H06841,"HYDRANT, MUELLER-SUP CENT 250",Y,BRENTWOOD PKY BET MT OLIVET RD AND PENN ST NE WESTSIDE - A/F CENTRAL UTILITIES BLDG,Y,2012-03-16T00:00:00.000Z,1,E-10,400583,138079,2012-06-06T06:00:31.000Z,38.91057314,-76.99326808
221,2118497,H08551,"HYDRANT, MUELLER-SUP CENT 250",Y,BRENTWOOD PKWY INT TELEGRAPH HILL RD NE NEC - AT GALLAUDET GATE,Y,2012-03-16T00:00:00.000Z,1,E-10,400652,138132,2012-06-06T06:00:31.000Z,38.91105057,-76.99247928
222,2118498,H08552,"HYDRANT, MUELLER-SUP CENT 250",Y,BRENTWOOD PKWY INT MOUNT OLIVET RD NE SEC,Y,2012-05-15T00:00:00.000Z,1,E-10,400751,138256,2012-06-06T06:00:31.000Z,38.9121754,-76.9913304
223,2119613,H09933,"HYDRANT, AP SMITH - O'BRIEN",Y,VERMONT AVE BET S ST AND T ST NW WESTSIDE,N,2011-12-09T00:00:00.000Z,4,E-9,397588,138347,2012-06-06T06:00:31.000Z,38.91299082,-77.02780828
224,2114240,H04040,"HYDRANT, AMERICAN FOUNDRY - O'BRIEN",Y,IN FRONT OF 2545 WATERSIDE DR NW SOUTHSIDE,N,2011-11-03T00:00:00.000Z,6,E-1,394995,138695,2012-06-06T06:00:31.000Z,38.91611565,-77.05770445
146,2116864,H06555,"NPS - HYDRANT, CLOW - EDDY",Y,MADISON DR BET 7TH ST AND 9TH ST NW NORTHSIDE,N,2012-04-23T00:00:00.000Z,6,E-2,398047,135861,2012-06-06T06:00:31.000Z,38.89059267,-77.02250491
147,2118134,H08165,"NPS - HYDRANT, CLOW - EDDY",Y,MADISON DR INT 4TH ST NW NEC - NPS // IN FRONT OF NATIONAL GALLERY OF ART //EAST BUILDING,N,2011-11-30T00:00:00.000Z,2,E-3,398497,135867,2012-06-06T06:00:31.000Z,38.89064909,-77.01732184
149,2118446,H08497,"NPS - HYDRANT, MUELLER-SUP CENT 250",Y,PENNSYLVANIA AVE INT CONSTITUTION AVE NW SOUTHSIDE,Y,2012-05-18T00:00:00.000Z,2,E-3,398585,135971,2012-06-06T06:00:31.000Z,38.8915883,-77.01630361
150,2123327,H00278,"NPS - HYDRANT, MUELLER-SUP CENT 250",Y,16TH ST INT CONSTITUTION AVE NW SWC,Y,2011-08-22T00:00:00.000Z,6,E-23,396813,136005,2012-06-06T06:00:31.000Z,38.89188588,-77.03672561
151,2114533,H04306,"NPS - HYDRANT, KENNEDY-K81-A/D GUAR",Y,CONSTITUTION AVE INT 21ST ST NW SEC,Y,2010-07-28T00:00:00.000Z,6,E-23,395958,136011,2012-06-06T06:00:31.000Z,38.89193529,-77.04658341
152,2113757,H03531,"NPS - HYDRANT, KENNEDY-K81-A/D GUAR",Y,CONSTITUTION AVE BET 14TH ST AND 15TH ST NW SOUTHSIDE,Y,2012-05-18T00:00:00.000Z,6,E-2,397159,136012,2012-06-06T06:00:31.000Z,38.89195151,-77.03274299
153,2117928,H07167,"HYDRANT, MUELLER-SUP CENT 250",Y,CONSTITUTION AVE BET 12TH ST AND 14TH ST NW SOUTHSIDE - 2ND HYDRANT FROM 12TH STREET,Y,2012-05-18T00:00:00.000Z,6,E-2,397494,136012,2012-06-06T06:00:31.000Z,38.89195617,-77.02887998
154,2114066,H03856,"HYDRANT, KENNEDY-K81-A/D GUAR",Y,CONSTITUTION AVE INT 14TH ST NW SEC,Y,2012-05-18T00:00:00.000Z,6,E-2,397252,136012,2012-06-06T06:00:31.000Z,38.89195646,-77.03167047
155,2114003,H03787,"HYDRANT, MUELLER-SUP CENT 250",Y,CONSTITUTION AVE BET 7TH ST AND 6TH ST NW SOUTHSIDE,Y,2012-05-18T00:00:00.000Z,6,E-2,398168,136012,2012-06-06T06:00:31.000Z,38.89195652,-77.02111062
156,2114088,H03879,"HYDRANT, JCF&M - O'BRIEN",Y,7TH ST INT CONSTITUTION AVE NW SEC,N,2012-05-18T00:00:00.000Z,6,E-2,398119,136012,2012-06-06T06:00:31.000Z,38.89195745,-77.02168198
157,2117925,H07164,"HYDRANT, KENNEDY-K81-A/D GUAR",Y,CONSTITUTION AVE BET 14TH ST AND 12TH ST NW SOUTHSIDE - 2ND HYDRANT FROM 14TH STREET,Y,2012-04-23T00:00:00.000Z,6,E-2,397295,136013,2012-06-06T06:00:31.000Z,38.89196039,-77.03117371
158,2117931,H07170,"HYDRANT, KENNEDY-K81-A/D GUAR",Y,CONSTITUTION AVE BET 12TH ST AND 14TH ST NW SOUTHSIDE - 4TH HYDRANT FROM 14TH STRET,Y,2012-05-18T00:00:00.000Z,6,E-2,397389,136013,2012-06-06T06:00:31.000Z,38.89196434,-77.03009184
159,2118423,H08472,"HYDRANT, MUELLER-SUP CENT 250",Y,CONSTITUTION AVE INT 12TH ST NW SWC,Y,2012-04-23T00:00:00.000Z,6,E-2,397539,136013,2012-06-06T06:00:31.000Z,38.89196435,-77.02836427
160,2117927,H07166,"HYDRANT, KENNEDY-K81-A/D GUAR",Y,CONSTITUTION AVE BET 12TH ST AND 14TH ST NW SOUTHSIDE - 3RD HYDRANT FROM 12TH ST,Y,2012-05-18T00:00:00.000Z,6,E-2,397441,136013,2012-06-06T06:00:31.000Z,38.89196588,-77.02949258
161,2117930,H07169,"HYDRANT, MUELLER-SUP CENT 250",Y,CONSTITUTION AVE BET 12TH ST AND 14TH ST NW SOUTHSIDE - 3RD HYDRANT FROM 14TH STREET,Y,2012-04-23T00:00:00.000Z,6,E-2,397349,136013,2012-06-06T06:00:31.000Z,38.89196668,-77.03055507
162,2123220,H01940,"NPS - HYDRANT, US PIPE-MET 250 M94",Y,CONSTITUTION AVE INT 18TH ST NW SOUTHSIDE,N,2010-07-28T00:00:00.000Z,6,E-23,396384,136018,2012-06-06T06:00:31.000Z,38.89200099,-77.04167674
163,2123226,H01946,"NPS - HYDRANT, MUELLER-SUP CENT 250",Y,CONSTITUTION AVE INT 20TH ST NW SEC,Y,2012-01-13T00:00:00.000Z,6,E-23,396109,136018,2012-06-06T06:00:31.000Z,38.89200353,-77.04484582
164,2116333,H06236,"NPS - HYDRANT, MUELLER-SUP CENT 250",Y,CONSTITUTION AVE INT 22ND ST NW NWC,Y,2011-08-22T00:00:00.000Z,6,E-23,395748,136045,2012-06-06T06:00:31.000Z,38.89224257,-77.04901243
165,2116346,H06249,"NPS - HYDRANT, MUELLER-SUP CENT 250",Y,CONSTITUTION AVE BET 21ST ST AND HENRY BACON DR NW NEC,Y,2011-08-22T00:00:00.000Z,6,E-23,395861,136045,2012-06-06T06:00:31.000Z,38.89224736,-77.04770245
166,2121374,H03101,"HYDRANT, KENNEDY-K81-A/D GUAR",Y,PENNSYLVANIA AVE INT 4TH ST NW NORTHSIDE,Y,2012-05-17T00:00:00.000Z,6,E-2,398462,136054,2012-06-06T06:00:31.000Z,38.89233332,-77.01772143
